name,class_id,max_marks,pass_marks,id
HINDI,CL000001,100,35,SB000001
ENGLISH,CL000001,100,35,SB000002
MATHS,CL000001,100,35,SB000003
HINDI,CL000002,100,35,SB000004
ENGLISH,CL000002,100,35,SB000005
MATHS,CL000002,100,35,SB000006
HINDI,CL000003,100,35,SB000007
ENGLISH,CL000003,100,35,SB000008
MATHS,CL000003,100,35,SB000009
HINDI,CL000004,100,35,SB000010
ENGLISH,CL000004,100,35,SB000011
MATHS,CL000004,100,35,SB000012
SCIENCE,CL000004,100,35,SB000013
SOCIAL SCIENCE,CL000004,100,35,SB000014
HINDI,CL000005,100,35,SB000015
ENGLISH,CL000005,100,35,SB000016
MATHS,CL000005,100,35,SB000017
SCIENCE,CL000005,100,35,SB000018
SOCIAL SCIENCE,CL000005,100,35,SB000019
HINDI,CL000006,100,35,SB000020
ENGLISH,CL000006,100,35,SB000021
MATHS,CL000006,100,35,SB000022
SCIENCE,CL000006,100,35,SB000023
SOCIAL SCIENCE,CL000006,100,35,SB000024
HINDI,CL000007,100,35,SB000025
ENGLISH,CL000007,100,35,SB000026
MATHS,CL000007,100,35,SB000027
SCIENCE,CL000007,100,35,SB000028
SOCIAL SCIENCE,CL000007,100,35,SB000029
HINDI,CL000008,100,35,SB000030
ENGLISH,CL000008,100,35,SB000031
MATHS,CL000008,100,35,SB000032
SCIENCE,CL000008,100,35,SB000033
SOCIAL SCIENCE,CL000008,100,35,SB000034
HINDI,CL000009,100,35,SB000035
ENGLISH,CL000009,100,35,SB000036
MATHS,CL000009,100,35,SB000037
SCIENCE,CL000009,100,35,SB000038
SOCIAL SCIENCE,CL000009,100,35,SB000039
HINDI,CL000010,100,35,SB000040
ENGLISH,CL000010,100,35,SB000041
MATHS,CL000010,100,35,SB000042
SCIENCE,CL000010,100,35,SB000043
SOCIAL SCIENCE,CL000010,100,35,SB000044
HINDI,CL000011,100,35,SB000045
ENGLISH,CL000011,100,35,SB000046
MATHS,CL000011,100,35,SB000047
HINDI,CL000012,100,35,SB000048
ENGLISH,CL000012,100,35,SB000049
MATHS,CL000012,100,35,SB000050
HINDI,CL000013,100,35,SB000051
ENGLISH,CL000013,100,35,SB000052
MATHS,CL000013,100,35,SB000053
HINDI,CL000014,100,35,SB000054
ENGLISH,CL000014,100,35,SB000055
MATHS,CL000014,100,35,SB000056
SCIENCE,CL000014,100,35,SB000057
SOCIAL SCIENCE,CL000014,100,35,SB000058
HINDI,CL000015,100,35,SB000059
ENGLISH,CL000015,100,35,SB000060
MATHS,CL000015,100,35,SB000061
SCIENCE,CL000015,100,35,SB000062
SOCIAL SCIENCE,CL000015,100,35,SB000063
HINDI,CL000016,100,35,SB000064
ENGLISH,CL000016,100,35,SB000065
MATHS,CL000016,100,35,SB000066
SCIENCE,CL000016,100,35,SB000067
SOCIAL SCIENCE,CL000016,100,35,SB000068
HINDI,CL000017,100,35,SB000069
ENGLISH,CL000017,100,35,SB000070
MATHS,CL000017,100,35,SB000071
SCIENCE,CL000017,100,35,SB000072
SOCIAL SCIENCE,CL000017,100,35,SB000073
HINDI,CL000018,100,35,SB000074
ENGLISH,CL000018,100,35,SB000075
MATHS,CL000018,100,35,SB000076
SCIENCE,CL000018,100,35,SB000077
SOCIAL SCIENCE,CL000018,100,35,SB000078
HINDI,CL000019,100,35,SB000079
ENGLISH,CL000019,100,35,SB000080
MATHS,CL000019,100,35,SB000081
SCIENCE,CL000019,100,35,SB000082
SOCIAL SCIENCE,CL000019,100,35,SB000083
HINDI,CL000020,100,35,SB000084
ENGLISH,CL000020,100,35,SB000085
MATHS,CL000020,100,35,SB000086
SCIENCE,CL000020,100,35,SB000087
SOCIAL SCIENCE,CL000020,100,35,SB000088
HINDI,CL000021,100,35,SB000089
ENGLISH,CL000021,100,35,SB000090
MATHS,CL000021,100,35,SB000091
SCIENCE,CL000021,100,35,SB000092
SOCIAL SCIENCE,CL000021,100,35,SB000093
HINDI,CL000022,100,35,SB000094
ENGLISH,CL000022,100,35,SB000095
MATHS,CL000022,100,35,SB000096
SCIENCE,CL000022,100,35,SB000097
SOCIAL SCIENCE,CL000022,100,35,SB000098
HINDI,CL000023,100,35,SB000099
ENGLISH,CL000023,100,35,SB000100
MATHS,CL000023,100,35,SB000101
HINDI,CL000024,100,35,SB000102
ENGLISH,CL000024,100,35,SB000103
MATHS,CL000024,100,35,SB000104
HINDI,CL000025,100,35,SB000105
ENGLISH,CL000025,100,35,SB000106
MATHS,CL000025,100,35,SB000107
HINDI,CL000026,100,35,SB000108
ENGLISH,CL000026,100,35,SB000109
MATHS,CL000026,100,35,SB000110
SCIENCE,CL000026,100,35,SB000111
SOCIAL SCIENCE,CL000026,100,35,SB000112
HINDI,CL000027,100,35,SB000113
ENGLISH,CL000027,100,35,SB000114
MATHS,CL000027,100,35,SB000115
SCIENCE,CL000027,100,35,SB000116
SOCIAL SCIENCE,CL000027,100,35,SB000117
HINDI,CL000028,100,35,SB000118
ENGLISH,CL000028,100,35,SB000119
MATHS,CL000028,100,35,SB000120
HINDI,CL000029,100,35,SB000121
ENGLISH,CL000029,100,35,SB000122
MATHS,CL000029,100,35,SB000123
HINDI,CL000030,100,35,SB000124
ENGLISH,CL000030,100,35,SB000125
MATHS,CL000030,100,35,SB000126
HINDI,CL000031,100,35,SB000127
ENGLISH,CL000031,100,35,SB000128
MATHS,CL000031,100,35,SB000129
SCIENCE,CL000031,100,35,SB000130
SOCIAL SCIENCE,CL000031,100,35,SB000131
HINDI,CL000032,100,35,SB000132
ENGLISH,CL000032,100,35,SB000133
MATHS,CL000032,100,35,SB000134
SCIENCE,CL000032,100,35,SB000135
SOCIAL SCIENCE,CL000032,100,35,SB000136
HINDI,CL000033,100,35,SB000137
ENGLISH,CL000033,100,35,SB000138
MATHS,CL000033,100,35,SB000139
HINDI,CL000034,100,35,SB000140
ENGLISH,CL000034,100,35,SB000141
MATHS,CL000034,100,35,SB000142
HINDI,CL000035,100,35,SB000143
ENGLISH,CL000035,100,35,SB000144
MATHS,CL000035,100,35,SB000145
HINDI,CL000036,100,35,SB000146
ENGLISH,CL000036,100,35,SB000147
MATHS,CL000036,100,35,SB000148
SCIENCE,CL000036,100,35,SB000149
SOCIAL SCIENCE,CL000036,100,35,SB000150
HINDI,CL000037,100,35,SB000151
ENGLISH,CL000037,100,35,SB000152
MATHS,CL000037,100,35,SB000153
SCIENCE,CL000037,100,35,SB000154
SOCIAL SCIENCE,CL000037,100,35,SB000155
HINDI,CL000038,100,35,SB000156
ENGLISH,CL000038,100,35,SB000157
MATHS,CL000038,100,35,SB000158
SCIENCE,CL000038,100,35,SB000159
SOCIAL SCIENCE,CL000038,100,35,SB000160
HINDI,CL000039,100,35,SB000161
ENGLISH,CL000039,100,35,SB000162
MATHS,CL000039,100,35,SB000163
SCIENCE,CL000039,100,35,SB000164
SOCIAL SCIENCE,CL000039,100,35,SB000165
HINDI,CL000040,100,35,SB000166
ENGLISH,CL000040,100,35,SB000167
MATHS,CL000040,100,35,SB000168
SCIENCE,CL000040,100,35,SB000169
SOCIAL SCIENCE,CL000040,100,35,SB000170
